IdSensore,MSE
5707.0,14.667535820589038
5708.0,16.864021780610308
5710.0,6.668416375219163
5711.0,16.029970091036997
5712.0,1.5489785547707513
5714.0,82.05974329387658
5715.0,49.640655576811184
5718.0,60.33298971510612
5717.0,76.06297643966816
5721.0,12.3471962398555
5722.0,13.709941658055932
5724.0,32.37443692065762
5725.0,8.850781030225496
9900.0,16.75271316920506
10282.0,13.880694421464366
10350.0,79.5444401104455
