IdSensore,MAE
5707.0,3.3006261500000003
5708.0,2.8038233000000004
5710.0,2.3495892750000005
5711.0,3.6248064750000006
5712.0,0.9371951000000003
5714.0,8.825561624999999
5715.0,5.3171358875
5718.0,4.4395903625
5717.0,7.0614842625
5721.0,3.1014482500000002
5722.0,3.2717398125
5724.0,4.622828525
5725.0,2.6967732125
9900.0,3.5152248875000005
10282.0,3.1008227625
10350.0,8.433130412499999
